ZM37011454.psd;BRONCO SPORT 2021.png
ZM37011454.psd;MAVERICK 2022.png
ZM17021453.psd;FUSION 2010.png
ZM37011451.psd;BRONCO SPORT 2021.png
ZM37011451.psd;MAVERICK 2022.png
ZM17011897.psd;LIFAN 530 2015.png
ZM17021844.psd;IX35 2010.png
ZM37011896.psd;SONG PLUS 2023.png
ZM37011896.psd;SONG PLUS PREMIUM 2023.png
ZM37011896.psd;SONG PLUS PREMIUM 2023.png
ZM17021055.psd;JUMPY 2022.png
ZM17021055.psd;SCUDO 2023.png
ZM17021055.psd;EXPERT 2019.png
ZM17021091.psd;FREELANDER 2007.png
ZM17021091.psd;S60 2011.png
ZM17021091.psd;S80 2007.png
ZM17021091.psd;V60 2012.png
ZM17021091.psd;XC70 2008.png
ZM17021253.psd;118I 2010.png
ZM17021253.psd;120I 2005.png
ZM17021253.psd;318I 2011.png
ZM17021253.psd;320I 2005.png
ZM47013653.psd;CIVIC 2017.png
ZM57006008.psd;MEGANE 2006.png
ZM57006008.psd;GRAND SCENIC 2008.png
ZM57016008.psd;MEGANE 2006.png
ZM57016008.psd;GRAND SCENIC 2008.png
ZM57104018.psd;ARGO 2018.png
ZM57104018.psd;CRONOS 2018.png
ZM57114018.psd;ARGO 2018.png
ZM57114018.psd;CRONOS 2018.png
ZM57167008.psd;CIVIC 2007.png
ZM57177008.psd;CIVIC 2007.png
ZM57006015.psd;FLUENCE 2011.png
ZM57016015.psd;FLUENCE 2011.png
ZM57004098.psd;PALIO 1999.png
ZM57014098.psd;PALIO 1999.png
ZM57014098.psd;PALIO WEEKEND 1999.png
ZM57014098.psd;SIENA 1999.png
ZM57043097.psd;EQUINOX 2018.png
ZM57053097.psd;EQUINOX 2018.png
ZM57042028.psd;RANGER 1998.png
ZM57052028.psd;RANGER 1998.png
ZM57042098.psd;RANGER 2020.png
ZM57052098.psd;RANGER 2020.png
ZM27631204.psd;VW - CAMINHÕES 9160 2011.png
ZM27631204.psd;VW - CAMINHÕES 10160 2013.png
ZM27631213.psd;VW - CAMINHÕES 9160 2011.png
ZM27652619.psd;1935LS 1994.png
ZM27652619.psd;MBB 1938 1998.png
ZM27652619.psd;1938L 1998.png
ZM27652619.psd;1938LS 1998.png
ZM27652619.psd;MBB 1941 2003.png
ZM27652619.psd;1941L 2003.png
ZM27652619.psd;1941LS 2003.png
ZM27652619.psd;MBB 1944 2002.png
ZM27652619.psd;1945L 2002.png
ZM27652619.psd;1945LS 2002.png
KZM57004098.psd;PALIO 1999.png
KZM57004098.psd;PALIO WEEKEND 1999.png
KZM57004098.psd;SIENA 1999.png
KZM57006008.psd;GRAND SCENIC 2008.png
KZM57006008.psd;MEGANE 2006.png
KZM57006015.psd;FLUENCE 2011.png
KZM57014098.psd;PALIO 1999.png
KZM57014098.psd;PALIO WEEKEND 1999.png
KZM57014098.psd;SIENA 1999.png
KZM57016008.psd;GRAND SCENIC 2008.png
KZM57016008.psd;MEGANE 2006.png
KZM57016015.psd;FLUENCE 2011.png
KZM57042028.psd;RANGER 1998.png
KZM57042098.psd;RANGER 2020.png
KZM57043097.psd;EQUINOX 2018.png
KZM57052028.psd;RANGER 1998.png
KZM57052098.psd;RANGER 2020.png
KZM57053097.psd;EQUINOX 2018.png
KZM57104018.psd;ARGO 2018.png
KZM57104018.psd;CRONOS 2018.png
KZM57114018.psd;ARGO 2018.png
KZM57114018.psd;CRONOS 2018.png
KZM57167008.psd;CIVIC 2007.png
KZM57177008.psd;CIVIC 2007.png
KZM37011896.psd;SONG PLUS 2023.png
KZM37011896.psd;SONG PRO 2023.png
KZM37011896.psd;SONG PLUS PREMIUM 2023.png
KZM37011451.psd;BRONCO SPORT 2021.png
KZM37011451.psd;MAVERICK 2022.png
KZM37011454.psd;BRONCO SPORT 2021.png
KZM37011454.psd;MAVERICK 2022.png
KZM47013653.psd;CIVIC 2017.png
KZM17011897.psd;LIFAN 530 2015.png
KZM17021055.psd;JUMPY 2022.png
KZM17021055.psd;SCUDO 2023.png
KZM17021055.psd;EXPERT 2019.png
KZM17021091.psd;FREELANDER 2007.png
KZM17021091.psd;S60 2011.png
KZM17021091.psd;S80 2007.png
KZM17021091.psd;V60 2012.png
KZM17021091.psd;XC70 2008.png
KZM17021253.psd;118I 2010.png
KZM17021253.psd;120I 2005.png
KZM17021253.psd;318I 2011.png
KZM17021253.psd;320I 2005.png
KZM17021453.psd;FUSION 2010.png
KZM17021844.psd;IX35 2010.png
